loss,ROC,accuracy,precision,recall,f1,model
0.5528355834342665,0.7987288236618042,0.7457627058029175,0.7316384315490723,0.6920903921127319,0.6833735704421997,dgat
0.5704013321359279,0.7743644118309021,0.7076271176338196,0.7372881174087524,0.7231638431549072,0.6898303627967834,edgat
0.5284267264907643,0.7913135886192322,0.7330508232116699,0.7259886860847473,0.680790901184082,0.6677157878875732,gat
